
insert  into `tbl_admin`(`ID`,`USER_ID`,`NAME`,`EMAIL`,`TEL`,`DEPART_ID`,`JOB_NO`,`TYPE`) values (24,-1,'admin','aaa@aa.com',NULL,NULL,NULL,2),(125,125,'hhly',NULL,NULL,NULL,NULL,2),(141,141,'葛亚',NULL,NULL,NULL,NULL,2),(173,173,'test',NULL,NULL,NULL,NULL,2),(174,174,'test1',NULL,NULL,NULL,NULL,2),(175,175,'test3',NULL,NULL,NULL,NULL,4),(176,176,'lldjqd',NULL,NULL,NULL,NULL,1),(177,177,'hyzbqd',NULL,NULL,NULL,NULL,2),(181,181,'lldjqd1',NULL,NULL,NULL,NULL,4),(201,201,'祖将',NULL,NULL,NULL,NULL,4),(221,221,'张玉邦',NULL,NULL,NULL,NULL,4),(241,241,'test4','','',NULL,'',1),(243,NULL,'qqqq','','',NULL,'',2),(245,NULL,'123123','','',NULL,'',2);

insert  into `tbl_function`(`ID`,`PARENT_ID`,`NAME`,`FUNCTION_INDEX`) values (1,0,'系统管理',1),(2,1,'权限管理',2),(3,1,'欢迎页',1),(53,1,'菜单管理',3),(59,1,'角色管理',4),(73,1,'用户管理',5);

insert  into `tbl_menu`(`ID`,`PERMISSION`,`PARENT_ID`,`NAME`,`URL`,`MENU_INDEX`,`CREATE_TIME`) values (18,NULL,0,'系统管理',NULL,1,'2015-10-16 00:00:00'),(19,'!sys_func_list',18,'权限管理','sys/func/list.do',5,'2015-09-28 00:00:00'),(20,'sys_menu_list',18,'菜单管理','sys/menu/list.do',4,'2015-09-28 00:00:00'),(21,'sys_role_list',18,'角色管理','sys/role/list.do',2,'2015-09-24 00:00:00'),(22,'welcome',18,'首页','welcome.do',1,NULL),(24,'admin_admin_list',18,'用户管理','admin/admin/list.do',3,'2015-09-28 00:00:00');

insert  into `tbl_permission`(`PERMISSION`,`NAME`,`FUNCTION_ID`,`CREATE_TIME`) values ('!sys_func_list','功能列表',2,'2015-03-18 00:00:00'),('!sys_func_update','功能更新',2,'2015-03-18 00:00:00'),('!sys_menu_add','菜单添加',53,'2015-03-19 00:00:00'),('!sys_menu_delete','菜单删除',53,'2015-03-19 00:00:00'),('!sys_menu_update','菜单更新',53,'2015-03-19 00:00:00'),('!sys_perm_update','权限更新',2,'2015-03-18 00:00:00'),('admin_admin_add','新增用户',73,'2015-03-30 00:00:00'),('admin_admin_allocRole','分配角色',73,'2015-03-30 00:00:00'),('admin_admin_delete','删除用户',73,'2015-03-30 00:00:00'),('admin_admin_edit','编辑用户',73,'2015-03-30 00:00:00'),('admin_admin_initPwd','恢复初始密码',73,'2015-03-30 00:00:00'),('admin_admin_list','用户列表',73,'2015-03-30 00:00:00'),('admin_admin_off','禁用用户',73,'2015-03-30 00:00:00'),('admin_admin_on','启用用户',73,'2015-03-30 00:00:00'),('sys_menu_list','菜单列表',53,'2015-03-19 00:00:00'),('sys_menu_sort','菜单顺序调整',53,'2015-03-19 00:00:00'),('sys_perm_search','权限搜索',2,'2015-03-18 00:00:00'),('sys_role_add','角色添加',59,'2015-03-19 00:00:00'),('sys_role_delete','角色删除',59,'2015-03-19 00:00:00'),('sys_role_list','角色列表',59,'2015-03-19 00:00:00'),('sys_role_update','角色更新',59,'2015-03-20 00:00:00'),('welcome','欢迎页',3,NULL);

insert  into `tbl_role`(`ID`,`NAME`,`CREATE_TIME`) values (43,'超级管理员','2015-04-07 00:00:00'),(61,'普通用户','2016-08-04 00:00:00'),(161,'管理员','2016-09-12 12:03:15'),(181,'test','2017-03-29 15:43:38'),(201,'渠道运营商','2017-03-31 10:30:43'),(202,'test1','2017-07-04 19:10:05'),(203,'页面配置','2017-07-04 19:11:28'),(205,'qwe','2017-07-19 10:24:15');

insert  into `tbl_role_permission`(`ID`,`ROLE_ID`,`PERMISSION`) values (348,43,'!sys_func_list'),(349,43,'!sys_func_update'),(350,43,'!sys_perm_update'),(351,43,'sys_perm_search'),(352,43,'!sys_menu_add'),(353,43,'!sys_menu_delete'),(354,43,'!sys_menu_update'),(355,43,'sys_menu_list'),(356,43,'sys_menu_sort'),(358,43,'sys_role_delete'),(359,43,'sys_role_list'),(360,43,'sys_role_update'),(361,43,'admin_admin_add'),(362,43,'admin_admin_allocRole'),(363,43,'admin_admin_delete'),(364,43,'admin_admin_edit'),(365,43,'admin_admin_initPwd'),(366,43,'admin_admin_list'),(367,43,'admin_admin_off'),(368,43,'admin_admin_on'),(369,43,'sys_role_add'),(994,181,'admin_admin_on'),(995,181,'!sys_func_list'),(996,181,'!sys_func_update'),(997,181,'!sys_perm_update'),(998,181,'sys_perm_search'),(999,181,'!sys_menu_add'),(1000,181,'!sys_menu_delete'),(1001,181,'!sys_menu_update'),(1002,181,'sys_menu_list'),(1003,181,'sys_menu_sort'),(1004,181,'sys_role_delete'),(1005,181,'sys_role_list'),(1006,181,'sys_role_update'),(1007,181,'admin_admin_add'),(1008,181,'admin_admin_allocRole'),(1009,181,'admin_admin_delete'),(1010,181,'admin_admin_edit'),(1011,181,'admin_admin_initPwd'),(1012,181,'admin_admin_list'),(1013,181,'admin_admin_off'),(1014,181,'sys_role_add'),(1070,61,'welcome'),(1275,201,'welcome'),(1530,203,'welcome'),(1700,202,'welcome'),(1711,202,'!sys_func_list'),(1712,202,'!sys_func_update'),(1713,202,'!sys_perm_update'),(1714,202,'sys_perm_search'),(1715,202,'!sys_menu_add'),(1716,202,'!sys_menu_delete'),(1717,202,'!sys_menu_update'),(1718,202,'sys_menu_list'),(1719,202,'sys_menu_sort'),(1720,202,'sys_role_add'),(1721,202,'sys_role_delete'),(1722,202,'sys_role_list'),(1723,202,'sys_role_update'),(1724,202,'admin_admin_add'),(1725,202,'admin_admin_allocRole'),(1726,202,'admin_admin_delete'),(1727,202,'admin_admin_edit'),(1728,202,'admin_admin_initPwd'),(1729,202,'admin_admin_list'),(1730,202,'admin_admin_off'),(1731,202,'admin_admin_on'),(1882,205,'welcome'),(1885,161,'welcome'),(1922,161,'!sys_func_list'),(1923,161,'!sys_func_update'),(1924,161,'!sys_perm_update'),(1925,161,'sys_perm_search'),(1926,161,'!sys_menu_add'),(1927,161,'!sys_menu_delete'),(1928,161,'!sys_menu_update'),(1929,161,'sys_menu_list'),(1930,161,'sys_menu_sort'),(1931,161,'sys_role_add'),(1932,161,'sys_role_delete'),(1933,161,'sys_role_list'),(1934,161,'sys_role_update'),(1935,161,'admin_admin_add'),(1936,161,'admin_admin_allocRole'),(1937,161,'admin_admin_delete'),(1938,161,'admin_admin_edit'),(1939,161,'admin_admin_initPwd'),(1940,161,'admin_admin_list'),(1941,161,'admin_admin_off'),(1942,161,'admin_admin_on');

insert  into `tbl_user`(`USER_ID`,`USERNAME`,`PASSWORD`,`USER_STATUS`,`USER_TYPE`,`CREATE_TIME`,`LOCALE`) values (-1,'admin','85845644d259cc04776de30ea824b9de','0','1','2015-11-05 00:00:00','zh'),(125,'hhly','85845644d259cc04776de30ea824b9de','0','1','2016-08-15 00:00:00','zh'),(141,'geya','e10adc3949ba59abbe56e057f20f883e','0','1','2016-11-16 12:01:15','zh'),(173,'test','85845644d259cc04776de30ea824b9de','0','1','2017-03-28 15:28:57','zh'),(174,'test1','46f94c8de14fb36680850768ff1b7f2a','0','1','2017-03-28 16:20:31','zh'),(175,'test3','46f94c8de14fb36680850768ff1b7f2a','0','1','2017-03-29 15:43:58','zh'),(176,'lldjqd','46f94c8de14fb36680850768ff1b7f2a','0','1','2017-03-31 10:31:28','zh'),(177,'hyzbqd','46f94c8de14fb36680850768ff1b7f2a','0','1','2017-03-31 10:47:46','zh'),(181,'lldjqd1','46f94c8de14fb36680850768ff1b7f2a','0','1','2017-04-06 10:34:54','zh'),(201,'johnny','dc483e80a7a0bd9ef71d8cf973673924','0','1','2017-05-04 10:18:43','zh'),(221,'zhangyb','96e79218965eb72c92a549dd5a330112','0','1','2017-05-22 15:53:44','zh'),(241,'test4','96e79218965eb72c92a549dd5a330112','0','1','2017-05-24 15:36:11','zh'),(243,'qqqq','3bad6af0fa4b8b330d162e19938ee981','0','1',NULL,NULL),(245,'qwe','efe6398127928f1b2e9ef3207fb82663','0','1',NULL,NULL),(300,'lijing','123456','0','1','2017-07-27 14:38:52','ZH'),(301,'lj','*6BB4837EB74329105EE4568DDA7DC67ED2CA2AD9','0','1','2017-07-27 14:41:54','ZH');

insert  into `tbl_user_role`(`ID`,`USER_ID`,`ROLE_ID`) values (180,-1,43),(240,62,61),(283,124,61),(301,125,161),(320,141,161),(341,177,201),(360,176,201),(361,181,201),(381,201,201),(401,221,201),(402,174,61),(403,174,161),(404,174,181),(405,174,201),(406,174,202),(407,174,203),(415,241,61),(416,241,161),(417,241,181),(418,241,201),(419,241,202),(420,241,203),(421,241,205);
