/*
SQLyog Ultimate v12.09 (64 bit)
MySQL - 5.7.18-log : Database - smart_data
*********************************************************************
*/

/*!40101 SET NAMES utf8 */;

/*!40101 SET SQL_MODE=''*/;

/*!40014 SET @OLD_UNIQUE_CHECKS=@@UNIQUE_CHECKS, UNIQUE_CHECKS=0 */;
/*!40014 SET @OLD_FOREIGN_KEY_CHECKS=@@FOREIGN_KEY_CHECKS, FOREIGN_KEY_CHECKS=0 */;
/*!40101 SET @OLD_SQL_MODE=@@SQL_MODE, SQL_MODE='NO_AUTO_VALUE_ON_ZERO' */;
/*!40111 SET @OLD_SQL_NOTES=@@SQL_NOTES, SQL_NOTES=0 */;
CREATE DATABASE /*!32312 IF NOT EXISTS*/`smart_data` /*!40100 DEFAULT CHARACTER SET utf8 */;

USE `smart_data`;

/*Data for the table `tbl_admin` */

insert  into `tbl_admin`(`ID`,`USER_ID`,`NAME`,`EMAIL`,`TEL`,`DEPART_ID`,`JOB_NO`,`TYPE`) values (24,-1,'admin','aaa@aa.com',NULL,NULL,NULL,2),(125,125,'hhly',NULL,NULL,NULL,NULL,2),(141,141,'葛亚',NULL,NULL,NULL,NULL,2),(173,173,'test',NULL,NULL,NULL,NULL,2),(174,174,'test1',NULL,NULL,NULL,NULL,2),(175,175,'test3',NULL,NULL,NULL,NULL,4),(176,176,'lldjqd',NULL,NULL,NULL,NULL,1),(177,177,'hyzbqd',NULL,NULL,NULL,NULL,2),(181,181,'lldjqd1',NULL,NULL,NULL,NULL,4),(201,201,'祖将',NULL,NULL,NULL,NULL,4),(221,221,'张玉邦',NULL,NULL,NULL,NULL,4),(241,241,'test4','','',NULL,'',1),(243,NULL,'qqqq','','',NULL,'',2),(245,NULL,'123123','','',NULL,'',2);

/*Data for the table `tbl_channel_platform` */

insert  into `tbl_channel_platform`(`CHANNEL_ID`,`PLATFORM_ID`,`CREATE_TIME`,`UPDATE_TIME`) values ('D00001',1086623,'2017-03-28 02:25:23','2017-03-28 02:25:23'),('D00002',1089412,'2017-03-28 02:34:42','2017-03-28 02:34:42'),('D00012',10404,'2017-03-29 11:58:03','2017-03-29 11:58:03'),('D00030',10088,'2017-03-28 18:46:38','2017-03-28 18:46:38'),('D00054',10006,'2017-05-03 18:08:15','2017-05-03 18:08:15'),('H00001',10088,'2017-03-29 18:18:54','2017-03-29 18:18:54'),('H00001',10130,'2017-06-15 17:34:15','2017-06-15 17:34:15'),('H00001',10212,'2017-06-15 17:50:15','2017-06-15 17:50:15'),('H00001',10442,'2017-06-15 17:39:02','2017-06-15 17:39:02'),('H00001',10854,'2017-06-15 17:37:17','2017-06-15 17:37:17'),('H00001',10896623,'2017-06-15 17:34:33','2017-06-15 17:34:33'),('H00001',10898458,'2017-06-15 17:36:41','2017-06-15 17:36:41'),('I00001',10540,'2017-03-28 18:45:56','2017-03-28 18:45:56'),('L00001',10092,'2017-03-29 18:18:22','2017-03-29 18:18:22'),('M00001',10603,'2017-05-18 14:33:34','2017-05-18 14:33:34');

/*Data for the table `tbl_function` */

insert  into `tbl_function`(`ID`,`PARENT_ID`,`NAME`,`FUNCTION_INDEX`) values (1,0,'系统管理',2),(2,1,'权限管理',1),(3,0,'欢迎页',1),(53,1,'菜单管理',2),(59,1,'角色管理',3),(73,1,'用户管理',4),(95,0,'资讯管理',3),(102,95,'报表查看',1),(190,95,'页面配置',2),(191,95,'一比分WEB统计数据',3),(210,0,'全民运转',5),(211,210,'玩家访问统计',5),(212,0,'游戏竞猜',4),(213,212,'新增玩家分析',1),(214,212,'玩家付费分析',2),(215,212,'玩家流失分析',3),(216,212,'玩家留存分析',4),(217,210,'新增玩家分析',1),(218,210,'玩家付费分析',2),(219,210,'玩家流失分析',3),(220,210,'玩家留存分析',4),(230,0,'游戏运营',6),(231,230,'用户充值汇总',1),(232,230,'订单详情汇总',2),(233,230,'游戏渠道数据统计',3),(253,0,'合作伙伴',7),(254,253,'佣金报表汇总',1),(274,230,'会员注册渠道信息',4),(275,230,'各国会员充值',5),(276,253,'代理推广链接来源',2),(293,0,'泰国报表',8),(294,293,'用户充值汇总',1),(295,293,'订单详情汇总',2),(296,293,'游戏渠道数据统计',3),(297,0,'越南报表',9),(298,297,'用户充值汇总',1),(299,297,'订单详情汇总',2),(300,297,'游戏渠道数据统计',3),(301,0,'马来西亚报表',10),(302,301,'用户充值汇总',1),(303,301,'订单详情汇总',2),(304,301,'游戏渠道数据统计',3),(305,0,'新加坡报表',11),(306,305,'用户充值汇总',1),(307,305,'订单详情汇总',2),(308,305,'游戏渠道数据统计',3),(313,1,'渠道游戏管理',5),(314,230,'市场合作渠道数据',6),(333,253,'对账报表',3),(353,230,'撩妹德州市场合作渠道数据',7),(373,230,'律师楼用户渠道充值消费报表',8),(393,0,'划账报表',12),(394,393,'用户管理',1),(395,393,'消费明细',2),(396,393,'消费列表',3),(397,393,'兑换列表',4),(398,393,'游戏划账列表',5),(413,230,'订单列表',9),(414,230,'用户分析',10),(415,414,'用户分析',1),(416,414,'用户留存',2),(417,230,'渠道运营报表',11);

/*Data for the table `tbl_menu` */

insert  into `tbl_menu`(`ID`,`PERMISSION`,`PARENT_ID`,`NAME`,`URL`,`MENU_INDEX`,`CREATE_TIME`) values (18,NULL,0,'系统管理',NULL,1,'2015-10-16 00:00:00'),(19,'!sys_func_list',18,'权限管理','sys/func/list.do',4,'2015-09-28 00:00:00'),(20,'sys_menu_list',18,'菜单管理','sys/menu/list.do',3,'2015-09-28 00:00:00'),(21,'sys_role_list',18,'角色管理','sys/role/list.do',1,'2015-09-24 00:00:00'),(24,'admin_admin_list',18,'用户管理','admin/admin/list.do',2,'2015-09-28 00:00:00'),(66,NULL,0,'资讯管理',NULL,2,'2015-11-23 00:00:00'),(92,'forecast_manager',66,'总览-历史对比','chart/list.do',1,'2015-12-19 00:00:00'),(250,'forecast_manager',66,'分类浏览','category/show.do',2,'2016-09-12 12:04:33'),(251,'yfburlcfg',66,'页面配置','ybfurlcfg/list.do',3,'2016-09-18 14:45:02'),(252,'ybfwebdataview',66,'一比分WEB统计数据','ybfwebdata/show.do',4,'2016-09-18 14:46:10'),(270,NULL,0,'全民运转',NULL,4,'2016-10-12 17:35:27'),(271,'peoluckywheel:useractals',270,'玩家访问统计','game/peoluckywheel/useractals/show.do',5,'2016-10-12 17:35:40'),(272,NULL,0,'游戏竞猜',NULL,3,'2016-10-17 16:58:42'),(273,'gameguess:newuserals',272,'新增玩家分析','game/newuserals/show.do?platformId=10040',1,'2016-10-17 16:58:54'),(274,'gameguess:userpayals',272,'玩家付费分析','game/userpayals/show.do?platformId=10040',2,'2016-10-17 16:59:24'),(275,'gameguess:userlossals',272,'玩家流失分析','game/userlossals/show.do?platformId=10040',3,'2016-10-17 17:00:07'),(276,'gameguess:userremainals',272,'留存分析','game/userremainals/show.do?platformId=10040',4,'2016-10-17 17:01:59'),(277,'peoluckywheel:newuserals',270,'新增玩家分析','game/newuserals/show.do?platformId=10005',1,'2016-10-17 17:01:59'),(278,'peoluckywheel:userpayals',270,'玩家付费分析','game/userpayals/show.do?platformId=10005',2,'2016-10-17 17:02:39'),(279,'peoluckywheel:userlossals',270,'玩家流失分析','game/userlossals/show.do?platformId=10005',3,'2016-10-17 17:03:06'),(280,'peoluckywheel:useractals',270,'留存分析','game/userremainals/show.do?platformId=10005',4,'2016-10-17 17:03:45'),(293,NULL,0,'游戏运营',NULL,5,'2016-10-31 15:30:41'),(294,'game:operative:userrechargesum',293,'用户充值汇总','game/operative/userrechargesum/show.do?countryId=0',1,'2016-10-31 15:30:51'),(295,'game:operative:orderdetailsum',293,'订单详情汇总','game/operative/orderdetailsum/show.do?countryId=0',2,'2016-10-31 15:31:12'),(296,'game:operative:gamechanneldatastat',293,'游戏渠道数据统计','game/operative/channeldatastat/show.do?countryId=0',3,'2016-12-07 17:29:11'),(336,'partner:cmsreport',392,'佣金报表汇总','partner/cmsreport/show.do',1,'2017-03-04 18:20:28'),(356,'game:operative:vipregchannel',293,'会员注册渠道信息','game/operative/vipregchannel/showsum.do?countryId=0',4,'2017-03-14 11:11:23'),(357,'game:operative:countryrcg',293,'各国会员充值汇总','game/operative/countryrcg/showcountryrcg.do',5,'2017-03-15 20:41:14'),(358,'partner:ptnsitesum',392,'代理推广链接来源','partner/ptnsitesum/show.do',2,'2017-03-16 19:18:18'),(376,NULL,0,'泰国报表',NULL,6,'2017-03-24 10:40:03'),(377,'th:game:operative:userrechargesum',376,'用户充值汇总','game/operative/userrechargesum/show.do?countryId=2',1,'2017-03-24 10:40:13'),(378,'th:game:operative:orderdetailsum',376,'订单详情汇总','game/operative/orderdetailsum/show.do?countryId=2',2,'2017-03-24 10:41:11'),(379,'th:game:operative:gamechanneldatastat',376,'游戏渠道数据统计','game/operative/channeldatastat/show.do?countryId=2',3,'2017-03-24 10:42:08'),(380,NULL,0,'越南报表',NULL,7,'2017-03-24 10:42:47'),(381,'vn:game:operative:userrechargesum',380,'用户充值汇总','game/operative/userrechargesum/show.do?countryId=3',1,'2017-03-24 10:43:06'),(382,'vn:game:operative:orderdetailsum',380,'订单详情汇总','game/operative/orderdetailsum/show.do?countryId=3',2,'2017-03-24 10:43:52'),(383,'vn:game:operative:gamechanneldatastat',380,'游戏渠道数据统计','game/operative/channeldatastat/show.do?countryId=3',3,'2017-03-24 10:44:30'),(384,NULL,0,'新加坡报表',NULL,8,'2017-03-25 11:03:26'),(385,'my:game:operative:userrechargesum',388,'用户充值汇总','game/operative/userrechargesum/show.do?countryId=8',1,'2017-03-25 11:03:37'),(386,'my:game:operative:orderdetailsum',388,'订单详情汇总','game/operative/orderdetailsum/show.do?countryId=8',2,'2017-03-25 11:04:06'),(387,'my:game:operative:gamechanneldatastat',388,'游戏渠道数据统计','game/operative/channeldatastat/show.do?countryId=8',3,'2017-03-25 11:04:34'),(388,NULL,0,'马来西亚报表',NULL,9,'2017-03-25 11:05:26'),(389,'sg:game:operative:userrechargesum',384,'用户充值汇总','game/operative/userrechargesum/show.do?countryId=7',1,'2017-03-25 11:05:37'),(390,'sg:game:operative:orderdetailsum',384,'订单详情汇总','game/operative/orderdetailsum/show.do?countryId=7',2,'2017-03-25 11:06:00'),(391,'sg:game:operative:gamechanneldatastat',384,'游戏渠道数据统计','game/operative/channeldatastat/show.do?countryId=7',3,'2017-03-25 11:06:27'),(392,NULL,0,'合作伙伴',NULL,10,'2017-03-25 11:12:17'),(396,'game:operative:chnplfcfg',18,'渠道与游戏管理','game/operative/chnplfcfg/list.do',5,'2017-03-27 23:20:36'),(397,'game:operative:cprtchnstat',293,'市场合作渠道数据','game/operative/cprtchnstat/show.do',6,'2017-03-28 18:26:11'),(416,'partner:checkreport',392,'对账报表','partner/ptnmbblastat/show.do',3,'2017-04-20 10:51:18'),(436,'game:operative:lmdz:channeldata',293,'撩妹德州市场合作渠道数据','game/operative/lmdz/channeldata/show.do',7,'2017-05-03 10:26:02'),(456,'game:operative:lawyer',293,'律师楼用户渠道充值消费报表','game/lawyerUserStatistics/show.do',8,'2017-05-19 14:55:49'),(476,NULL,0,'划账报表',NULL,11,'2017-05-26 10:29:43'),(477,'debit:user',476,'用户管理','debit/user/show.do',1,'2017-05-26 10:30:11'),(478,'debit:consumeruser:detail',476,'消费明细','debit/consumer/show.do',2,'2017-05-26 10:30:36'),(479,'debit:consumeruser:list',476,'消费列表','debit/consumer/showList.do',3,'2017-05-26 10:30:49'),(480,'debit:exchange:list',476,'兑换列表','debit/exchange/show.do',4,'2017-05-26 10:30:59'),(481,'debit:game:list',476,'游戏划账列表','debit/game/show.do',5,'2017-05-26 10:31:09'),(497,NULL,293,'用户分析',NULL,9,'2017-06-12 11:39:06'),(498,'game:operative:user:chnl',497,'用户分析','game/operative/gameUserChnl/show.do',1,'2017-06-12 11:39:13'),(499,'game:operative:active:remain',497,'用户留存','game/operative/gameUserActiveRemain/show.do',2,'2017-06-12 11:39:23'),(501,'game:operative:order:detail',293,'订单列表','game/operative/gameOrderDetail/show.do',10,'2017-06-12 15:17:35'),(502,'game:channel:operate',293,'渠道运营报表','game/operative/gameChannelOperate/show.do',11,'2017-06-12 15:18:13');

/*Data for the table `tbl_permission` */

insert  into `tbl_permission`(`PERMISSION`,`NAME`,`FUNCTION_ID`,`CREATE_TIME`) values ('forecast_manager','报表查看',102,NULL),('!sys_func_list','功能列表',2,'2015-03-18 00:00:00'),('!sys_func_update','功能更新',2,'2015-03-18 00:00:00'),('!sys_menu_add','菜单添加',53,'2015-03-19 00:00:00'),('!sys_menu_delete','菜单删除',53,'2015-03-19 00:00:00'),('!sys_menu_update','菜单更新',53,'2015-03-19 00:00:00'),('!sys_perm_update','权限更新',2,'2015-03-18 00:00:00'),('admin_admin_add','新增用户',73,'2015-03-30 00:00:00'),('admin_admin_allocRole','分配角色',73,'2015-03-30 00:00:00'),('admin_admin_delete','删除用户',73,'2015-03-30 00:00:00'),('admin_admin_edit','编辑用户',73,'2015-03-30 00:00:00'),('admin_admin_initPwd','恢复初始密码',73,'2015-03-30 00:00:00'),('admin_admin_list','用户列表',73,'2015-03-30 00:00:00'),('admin_admin_off','禁用用户',73,'2015-03-30 00:00:00'),('admin_admin_on','启用用户',73,'2015-03-30 00:00:00'),('sys_menu_list','菜单列表',53,'2015-03-19 00:00:00'),('sys_menu_sort','菜单顺序调整',53,'2015-03-19 00:00:00'),('sys_perm_search','权限搜索',2,'2015-03-18 00:00:00'),('sys_role_add','角色添加',59,'2015-03-19 00:00:00'),('sys_role_delete','角色删除',59,'2015-03-19 00:00:00'),('sys_role_list','角色列表',59,'2015-03-19 00:00:00'),('sys_role_update','角色更新',59,'2015-03-20 00:00:00'),('yfburlcfg','页面配置',190,NULL),('ybfwebdataview','一比分WEB统计数据',191,NULL),('peoluckywheel:useractals','玩家访问统计',211,NULL),('game:operative:gamechanneldatastat','游戏渠道数据统计',233,NULL),('game:operative:userrechargesum','用户充值汇总',231,NULL),('gameguess:newuserals','新增玩家分析',213,NULL),('gameguess:userlossals','玩家流失分析',215,NULL),('peoluckywheel:userpayals','玩家付费分析',218,NULL),('peoluckywheel:userremainals','玩家留存分析',220,NULL),('peoluckywheel:userlossals','玩家流失分析',219,NULL),('gameguess:userremainals','玩家留存分析',216,NULL),('peoluckywheel:newuserals','新增玩家分析',217,NULL),('gameguess:userpayals','玩家付费分析',214,NULL),('game:operative:orderdetailsum','订单详情汇总',232,NULL),('th:game:operative:gamechanneldatastat','游戏渠道数据统计',296,NULL),('sg:game:operative:userrechargesum','用户充值汇总',306,NULL),('th:game:operative:userrechargesum','用户充值汇总',294,NULL),('debit:game:list','游戏划账列表',398,NULL),('1',NULL,308,NULL),('sg:game:operative:gamechanneldatastat','游戏渠道数据统计',308,NULL),('vn:game:operative:gamechanneldatastat','游戏渠道数据统计',300,NULL),('my:game:operative:userrechargesum','用户充值汇总',302,NULL),('partner:ptnsitesum','代理推广链接来源',276,NULL),('partner:checkreport','对账报表',333,NULL),('game:channel:operate','渠道运营报表',417,NULL),('game:operative:active:remain','用户留存',416,NULL),('debit:consumeruser:list','消费列表',396,NULL),('game:operative:chnplfcfg','渠道游戏管理',313,NULL),('game:operative:lmdz:channeldata','撩妹德州市场合作渠道数据',353,NULL),('my:game:operative:orderdetailsum','订单详情汇总',303,NULL),('my:game:operative:gamechanneldatastat','游戏渠道数据统计',304,NULL),('sg:game:operative:orderdetailsum','订单详情汇总',307,NULL),('game:operative:lawyer','律师楼用户渠道充值消费报表',373,NULL),('debit:user','用户管理',394,NULL),('debit:consumeruser:detail','消费明细',395,NULL),('debit:exchange:list','兑换列表',397,NULL),('game:operative:order:detail','订单列表',413,NULL),('game:operative:countryrcg','各国会员充值',275,NULL),('partner:cmsreport','合作伙伴佣金报表汇总',254,NULL),('game:operative:vipregchannel','会员注册渠道信息',274,NULL),('game:operative:user:chnl','用户分析',415,NULL),('game:operative:cprtchnstat','市场合作渠道数据',314,NULL),('welcome','欢迎页',3,NULL),('th:game:operative:orderdetailsum','订单详情汇总',295,NULL),('vn:game:operative:userrechargesum','用户充值汇总',298,NULL),('vn:game:operative:orderdetailsum','订单详情汇总',299,NULL);

/*Data for the table `tbl_role` */

insert  into `tbl_role`(`ID`,`NAME`,`CREATE_TIME`) values (43,'超级管理员','2015-04-07 00:00:00'),(61,'普通用户','2016-08-04 00:00:00'),(161,'管理员','2016-09-12 12:03:15'),(181,'test','2017-03-29 15:43:38'),(201,'渠道运营商','2017-03-31 10:30:43'),(202,'test1','2017-07-04 19:10:05'),(203,'页面配置','2017-07-04 19:11:28'),(205,'qwe','2017-07-19 10:24:15');

/*Data for the table `tbl_role_permission` */

insert  into `tbl_role_permission`(`ID`,`ROLE_ID`,`PERMISSION`) values (347,43,'forecast_manager'),(348,43,'!sys_func_list'),(349,43,'!sys_func_update'),(350,43,'!sys_perm_update'),(351,43,'sys_perm_search'),(352,43,'!sys_menu_add'),(353,43,'!sys_menu_delete'),(354,43,'!sys_menu_update'),(355,43,'sys_menu_list'),(356,43,'sys_menu_sort'),(358,43,'sys_role_delete'),(359,43,'sys_role_list'),(360,43,'sys_role_update'),(361,43,'admin_admin_add'),(362,43,'admin_admin_allocRole'),(363,43,'admin_admin_delete'),(364,43,'admin_admin_edit'),(365,43,'admin_admin_initPwd'),(366,43,'admin_admin_list'),(367,43,'admin_admin_off'),(368,43,'admin_admin_on'),(369,43,'sys_role_add'),(994,181,'admin_admin_on'),(995,181,'!sys_func_list'),(996,181,'!sys_func_update'),(997,181,'!sys_perm_update'),(998,181,'sys_perm_search'),(999,181,'!sys_menu_add'),(1000,181,'!sys_menu_delete'),(1001,181,'!sys_menu_update'),(1002,181,'sys_menu_list'),(1003,181,'sys_menu_sort'),(1004,181,'sys_role_delete'),(1005,181,'sys_role_list'),(1006,181,'sys_role_update'),(1007,181,'admin_admin_add'),(1008,181,'admin_admin_allocRole'),(1009,181,'admin_admin_delete'),(1010,181,'admin_admin_edit'),(1011,181,'admin_admin_initPwd'),(1012,181,'admin_admin_list'),(1013,181,'admin_admin_off'),(1014,181,'sys_role_add'),(1070,61,'welcome'),(1071,61,'forecast_manager'),(1275,201,'welcome'),(1276,201,'game:operative:cprtchnstat'),(1277,201,'game:operative:lmdz:channeldata'),(1278,201,'game:operative:lawyer'),(1524,203,'1'),(1525,203,'forecast_manager'),(1526,203,'yfburlcfg'),(1527,203,'ybfwebdataview'),(1528,203,'gameguess:newuserals'),(1529,203,'gameguess:userpayals'),(1530,203,'welcome'),(1531,203,'gameguess:userremainals'),(1532,203,'peoluckywheel:newuserals'),(1533,203,'peoluckywheel:userpayals'),(1534,203,'peoluckywheel:userlossals'),(1535,203,'peoluckywheel:userremainals'),(1536,203,'peoluckywheel:useractals'),(1537,203,'gameguess:userlossals'),(1671,202,'debit:game:list'),(1672,202,'1'),(1673,202,'forecast_manager'),(1674,202,'yfburlcfg'),(1675,202,'ybfwebdataview'),(1676,202,'gameguess:newuserals'),(1677,202,'gameguess:userpayals'),(1678,202,'gameguess:userlossals'),(1679,202,'gameguess:userremainals'),(1680,202,'peoluckywheel:newuserals'),(1681,202,'peoluckywheel:userpayals'),(1682,202,'peoluckywheel:userlossals'),(1683,202,'peoluckywheel:userremainals'),(1684,202,'peoluckywheel:useractals'),(1685,202,'game:operative:userrechargesum'),(1686,202,'game:operative:orderdetailsum'),(1687,202,'game:operative:gamechanneldatastat'),(1688,202,'game:operative:vipregchannel'),(1689,202,'game:operative:countryrcg'),(1690,202,'game:operative:cprtchnstat'),(1691,202,'game:operative:lmdz:channeldata'),(1692,202,'game:operative:lawyer'),(1693,202,'game:operative:order:detail'),(1694,202,'game:operative:user:chnl'),(1695,202,'game:operative:active:remain'),(1696,202,'game:channel:operate'),(1697,202,'partner:cmsreport'),(1698,202,'partner:ptnsitesum'),(1699,202,'partner:checkreport'),(1700,202,'welcome'),(1701,202,'th:game:operative:orderdetailsum'),(1702,202,'th:game:operative:gamechanneldatastat'),(1703,202,'vn:game:operative:userrechargesum'),(1704,202,'vn:game:operative:orderdetailsum'),(1705,202,'vn:game:operative:gamechanneldatastat'),(1706,202,'my:game:operative:userrechargesum'),(1707,202,'my:game:operative:orderdetailsum'),(1708,202,'my:game:operative:gamechanneldatastat'),(1709,202,'sg:game:operative:userrechargesum'),(1710,202,'sg:game:operative:orderdetailsum'),(1711,202,'!sys_func_list'),(1712,202,'!sys_func_update'),(1713,202,'!sys_perm_update'),(1714,202,'sys_perm_search'),(1715,202,'!sys_menu_add'),(1716,202,'!sys_menu_delete'),(1717,202,'!sys_menu_update'),(1718,202,'sys_menu_list'),(1719,202,'sys_menu_sort'),(1720,202,'sys_role_add'),(1721,202,'sys_role_delete'),(1722,202,'sys_role_list'),(1723,202,'sys_role_update'),(1724,202,'admin_admin_add'),(1725,202,'admin_admin_allocRole'),(1726,202,'admin_admin_delete'),(1727,202,'admin_admin_edit'),(1728,202,'admin_admin_initPwd'),(1729,202,'admin_admin_list'),(1730,202,'admin_admin_off'),(1731,202,'admin_admin_on'),(1732,202,'game:operative:chnplfcfg'),(1733,202,'sg:game:operative:gamechanneldatastat'),(1734,202,'debit:user'),(1735,202,'debit:consumeruser:detail'),(1736,202,'debit:consumeruser:list'),(1737,202,'debit:exchange:list'),(1738,202,'th:game:operative:userrechargesum'),(1848,205,'forecast_manager'),(1849,205,'game:channel:operate'),(1850,205,'game:operative:active:remain'),(1851,205,'game:operative:countryrcg'),(1852,205,'game:operative:cprtchnstat'),(1853,205,'game:operative:gamechanneldatastat'),(1854,205,'game:operative:lawyer'),(1855,205,'game:operative:lmdz:channeldata'),(1856,205,'game:operative:order:detail'),(1857,205,'game:operative:orderdetailsum'),(1858,205,'game:operative:user:chnl'),(1859,205,'game:operative:userrechargesum'),(1860,205,'game:operative:vipregchannel'),(1861,205,'gameguess:newuserals'),(1862,205,'gameguess:userlossals'),(1863,205,'gameguess:userpayals'),(1864,205,'gameguess:userremainals'),(1865,205,'my:game:operative:gamechanneldatastat'),(1866,205,'my:game:operative:orderdetailsum'),(1867,205,'my:game:operative:userrechargesum'),(1868,205,'partner:checkreport'),(1869,205,'partner:cmsreport'),(1870,205,'partner:ptnsitesum'),(1871,205,'peoluckywheel:newuserals'),(1872,205,'peoluckywheel:useractals'),(1873,205,'peoluckywheel:userlossals'),(1874,205,'peoluckywheel:userpayals'),(1875,205,'peoluckywheel:userremainals'),(1876,205,'th:game:operative:gamechanneldatastat'),(1877,205,'th:game:operative:orderdetailsum'),(1878,205,'th:game:operative:userrechargesum'),(1879,205,'vn:game:operative:gamechanneldatastat'),(1880,205,'vn:game:operative:orderdetailsum'),(1881,205,'vn:game:operative:userrechargesum'),(1882,205,'welcome'),(1883,205,'ybfwebdataview'),(1884,205,'yfburlcfg'),(1885,161,'welcome'),(1886,161,'ybfwebdataview'),(1887,161,'gameguess:newuserals'),(1888,161,'gameguess:userpayals'),(1889,161,'gameguess:userlossals'),(1890,161,'gameguess:userremainals'),(1891,161,'peoluckywheel:newuserals'),(1892,161,'peoluckywheel:userpayals'),(1893,161,'peoluckywheel:userlossals'),(1894,161,'peoluckywheel:userremainals'),(1895,161,'peoluckywheel:useractals'),(1896,161,'game:operative:userrechargesum'),(1897,161,'game:operative:orderdetailsum'),(1898,161,'game:operative:gamechanneldatastat'),(1899,161,'game:operative:vipregchannel'),(1900,161,'game:operative:countryrcg'),(1901,161,'game:operative:cprtchnstat'),(1902,161,'game:operative:lmdz:channeldata'),(1903,161,'game:operative:lawyer'),(1904,161,'game:operative:order:detail'),(1905,161,'game:operative:user:chnl'),(1906,161,'game:operative:active:remain'),(1907,161,'game:channel:operate'),(1908,161,'partner:cmsreport'),(1909,161,'partner:ptnsitesum'),(1910,161,'partner:checkreport'),(1911,161,'th:game:operative:userrechargesum'),(1912,161,'th:game:operative:orderdetailsum'),(1913,161,'th:game:operative:gamechanneldatastat'),(1914,161,'vn:game:operative:userrechargesum'),(1915,161,'vn:game:operative:orderdetailsum'),(1916,161,'vn:game:operative:gamechanneldatastat'),(1917,161,'my:game:operative:userrechargesum'),(1918,161,'forecast_manager'),(1919,161,'my:game:operative:gamechanneldatastat'),(1920,161,'sg:game:operative:userrechargesum'),(1921,161,'sg:game:operative:orderdetailsum'),(1922,161,'!sys_func_list'),(1923,161,'!sys_func_update'),(1924,161,'!sys_perm_update'),(1925,161,'sys_perm_search'),(1926,161,'!sys_menu_add'),(1927,161,'!sys_menu_delete'),(1928,161,'!sys_menu_update'),(1929,161,'sys_menu_list'),(1930,161,'sys_menu_sort'),(1931,161,'sys_role_add'),(1932,161,'sys_role_delete'),(1933,161,'sys_role_list'),(1934,161,'sys_role_update'),(1935,161,'admin_admin_add'),(1936,161,'admin_admin_allocRole'),(1937,161,'admin_admin_delete'),(1938,161,'admin_admin_edit'),(1939,161,'admin_admin_initPwd'),(1940,161,'admin_admin_list'),(1941,161,'admin_admin_off'),(1942,161,'admin_admin_on'),(1943,161,'game:operative:chnplfcfg'),(1944,161,'sg:game:operative:gamechanneldatastat'),(1946,161,'debit:user'),(1947,161,'debit:consumeruser:detail'),(1948,161,'debit:consumeruser:list'),(1949,161,'debit:exchange:list'),(1950,161,'debit:game:list'),(1951,161,'yfburlcfg'),(1952,161,'my:game:operative:orderdetailsum');

/*Data for the table `tbl_user` */

insert  into `tbl_user`(`USER_ID`,`USERNAME`,`PASSWORD`,`USER_STATUS`,`USER_TYPE`,`CREATE_TIME`,`LOCALE`) values (-1,'admin','85845644d259cc04776de30ea824b9de','0','1','2015-11-05 00:00:00','zh'),(125,'hhly','85845644d259cc04776de30ea824b9de','0','1','2016-08-15 00:00:00','zh'),(141,'geya','e10adc3949ba59abbe56e057f20f883e','0','1','2016-11-16 12:01:15','zh'),(173,'test','85845644d259cc04776de30ea824b9de','0','1','2017-03-28 15:28:57','zh'),(174,'test1','46f94c8de14fb36680850768ff1b7f2a','0','1','2017-03-28 16:20:31','zh'),(175,'test3','46f94c8de14fb36680850768ff1b7f2a','0','1','2017-03-29 15:43:58','zh'),(176,'lldjqd','46f94c8de14fb36680850768ff1b7f2a','0','1','2017-03-31 10:31:28','zh'),(177,'hyzbqd','46f94c8de14fb36680850768ff1b7f2a','0','1','2017-03-31 10:47:46','zh'),(181,'lldjqd1','46f94c8de14fb36680850768ff1b7f2a','0','1','2017-04-06 10:34:54','zh'),(201,'johnny','dc483e80a7a0bd9ef71d8cf973673924','0','1','2017-05-04 10:18:43','zh'),(221,'zhangyb','96e79218965eb72c92a549dd5a330112','0','1','2017-05-22 15:53:44','zh'),(241,'test4','96e79218965eb72c92a549dd5a330112','0','1','2017-05-24 15:36:11','zh'),(243,'qqqq','3bad6af0fa4b8b330d162e19938ee981','0','1',NULL,NULL),(245,'qwe','efe6398127928f1b2e9ef3207fb82663','0','1',NULL,NULL),(300,'lijing','123456','0','1','2017-07-27 14:38:52','ZH'),(301,'lj','*6BB4837EB74329105EE4568DDA7DC67ED2CA2AD9','0','1','2017-07-27 14:41:54','ZH');

/*Data for the table `tbl_user_channel` */

insert  into `tbl_user_channel`(`ID`,`USER_ID`,`CHANNEL_ID`) values (15,173,'D00002'),(17,174,'D00002'),(32,177,'H00001'),(41,181,'L00001'),(42,176,'L00001'),(90,201,'H00001'),(141,125,'H00001'),(142,125,'D00030'),(143,125,'D00054'),(144,125,'I00001'),(152,241,'D00001'),(153,241,'D00002'),(154,241,'D00012'),(155,241,'D00030'),(156,241,'D00054'),(157,241,'H00001'),(158,241,'H00001'),(159,241,'H00001');

/*Data for the table `tbl_user_role` */

insert  into `tbl_user_role`(`ID`,`USER_ID`,`ROLE_ID`) values (180,-1,43),(240,62,61),(283,124,61),(301,125,161),(320,141,161),(341,177,201),(360,176,201),(361,181,201),(381,201,201),(401,221,201),(402,174,61),(403,174,161),(404,174,181),(405,174,201),(406,174,202),(407,174,203),(415,241,61),(416,241,161),(417,241,181),(418,241,201),(419,241,202),(420,241,203),(421,241,205);

/*!40101 SET SQL_MODE=@OLD_SQL_MODE */;
/*!40014 SET FOREIGN_KEY_CHECKS=@OLD_FOREIGN_KEY_CHECKS */;
/*!40014 SET UNIQUE_CHECKS=@OLD_UNIQUE_CHECKS */;
/*!40111 SET SQL_NOTES=@OLD_SQL_NOTES */;
